year,date,open,high,low,close,volume
2014,1/2/14,52.4014,52.5114,51.5429,51.8314,12325600
2014,1/3/14,52,52.4956,51.8429,51.8714,10817100
2014,1/6/14,51.89,52.0443,50.4757,51.3671,15501500
2014,1/7/14,49.6843,49.6986,48.1529,48.5,36167600
2014,1/8/14,48.1043,49.4257,48.0743,48.7129,20001100
2014,1/9/14,48.8243,49.14,47.8571,48.15,17007200
2014,1/10/14,48.2957,48.3767,47.2186,47.4486,16237900
2014,1/13/14,47.3043,49.81,47.3043,48.1157,27237000
2014,1/14/14,48.7771,48.8,47.51,48.28,19740000
2014,1/15/14,47.8571,48.3671,45.5814,47.1971,40432000
2014,1/16/14,46.9157,47.6957,46.0029,47.3829,21135800
2014,1/17/14,47.4386,47.8314,46.8914,47.1486,16417100
2014,1/21/14,47.4614,47.4961,45.75,46.9586,25220300
2014,1/22/14,47.0714,47.777,46.7644,47.6757,48342000
2014,1/23/14,55.3429,56.5186,53.9271,55.5314,91280000
2014,1/24/14,54.8114,55.8143,54.7686,55.1543,35466900
2014,1/27/14,55.3414,55.9286,52.9371,54.4614,32526900
2014,1/28/14,54.4743,58.2014,54.3943,58.11,43590400
2014,1/29/14,57.5886,58.1914,56.8643,57.2029,28968100
2014,1/30/14,58.1571,58.4557,57.3586,57.81,18379200
2014,1/31/14,57.4729,58.9143,57.4714,58.4757,23625000
2014,2/3/14,58.8429,58.8786,57.245,57.7686,20145300
2014,2/4/14,57.9214,58.3614,56.7157,57.9871,18066300
2014,2/5/14,57.5929,58.25,56.8571,57.7743,16762900
2014,2/6/14,58.06,58.7014,57.2029,58.2729,12852000
2014,2/7/14,59.0629,61.5,58.6514,61.4257,32921000
2014,2/10/14,61.3471,61.7671,60.6114,61.4914,13812400
2014,2/11/14,61.4229,62.2512,60.7871,61.9986,13667500
2014,2/12/14,62.1114,62.1286,60.7914,61.2757,15673000
2014,2/13/14,60.8129,62.7843,60.7144,62.3643,18700500
2014,2/14/14,62.4371,62.5286,61.67,62.2157,11985400
2014,2/18/14,62.4229,63.0349,61.1429,62.4071,15507800
2014,2/19/14,61.6671,62.3214,61.1386,61.1757,16031400
2014,2/20/14,61.4786,62.5386,61.3086,62.1357,11965100
2014,2/21/14,62.6714,62.6714,61.3788,61.7471,13483400
2014,2/24/14,62.21,64.2414,61.2143,63.8571,26043500
2014,2/25/14,64.2857,65.3986,63.5714,64.7186,18700500
2014,2/26/14,65.1286,65.1429,63.7143,64.1129,15010100
2014,2/27/14,63.9771,64.8752,63.9771,64.6043,10304700
2014,2/28/14,64.7329,64.8857,63,63.6614,15751400
2014,3/3/14,63.0271,63.6786,62.5857,63.6557,13528200
2014,3/4/14,64.4171,65,63.6557,64.9971,12387900
2014,3/5/14,64.8557,65.2629,64.5586,64.7857,10868900
2014,3/6/14,64.9914,65.4286,64.1411,64.3586,11809000
2014,3/7/14,64.8671,64.9343,63.6443,64.0529,11573800
2014,3/10/14,64.0671,64.1109,61.7287,62.85,15439200
2014,3/11/14,63.2343,63.8114,62.2357,62.4971,10448200
2014,3/12/14,61.9543,62.7857,61.3829,62.3686,12134500
2014,3/13/14,62.8157,62.8971,61.1829,61.4371,11390400
2014,3/14/14,61.1043,62.1414,60.4286,60.6414,14989100
2014,3/17/14,61.17,61.5429,60.33,60.3886,10695300
2014,3/18/14,60.3386,60.8943,59.5,60.0357,14688100
2014,3/19/14,59.9814,60.7784,59.58,60.0129,10531500
2014,3/20/14,59.9529,61.7429,59.9286,60.61,14494900
2014,3/21/14,60.8714,61.1914,57.9629,57.9986,26770800
2014,3/24/14,57.9271,58.0643,52.6571,54.1286,42483700
2014,3/25/14,54.1429,54.99,52.25,52.9771,30356900
2014,3/26/14,53.2871,53.9214,52.3673,53.1829,27152300
2014,3/27/14,53.0014,53.9757,51.6471,52.0257,28672000
2014,3/28/14,51.46,52.7143,50.8214,51.2671,24699500
2014,3/31/14,51.6443,52.4086,49.9829,50.29,22125600
2014,4/1/14,50.25,52.1786,50.2486,52.0986,21338800
2014,4/2/14,52.2371,53.0071,51.1857,51.84,24194100
2014,4/3/14,51.6186,52.1571,50.0143,50.67,21983500
2014,4/4/14,50.7786,50.8571,47.9829,48.1871,34958000
2014,4/7/14,48.6443,49.7414,47.3014,48.2857,37351300
2014,4/8/14,48.5786,50.1124,48.3414,49.8414,25761400
2014,4/9/14,50.1471,50.5571,49.0214,50.4329,20511400
2014,4/10/14,50.64,51.0686,47.7157,47.8186,24871000
2014,4/11/14,47.2571,47.8314,46.23,46.6729,30146200
2014,4/14/14,47.5557,47.8571,46.5057,47.3686,17994200
2014,4/15/14,47.0114,47.3671,44.5857,46.61,30799300
2014,4/16/14,47.2929,47.71,46.1943,47.3443,16114700
2014,4/17/14,48.1086,49.9614,47.5,49.3914,32116000
2014,4/21/14,49.9,49.9143,48.3286,49.7843,47892600
2014,4/22/14,53.8043,54.4114,52.1186,53.2714,64702400
2014,4/23/14,51.8186,52.5,50.4286,50.5,40285000
2014,4/24/14,50.3571,50.8427,47.8286,49.1529,30639000
2014,4/25/14,48.2086,48.7728,46,46.0114,33071500
2014,4/28/14,45.4357,45.8429,42.7857,44.8871,47123300
2014,4/29/14,44.6057,46.3757,44.5757,45.6957,23132900
2014,4/30/14,45.4171,46.0571,44.3214,46.0057,23618700
2014,5/1/14,46.2929,49.3843,46.15,48.0741,37001300
2014,5/2/14,48.2157,49.1286,47.7214,48.6643,26194700
2014,5/5/14,48.2957,49.3543,48.0143,49.1971,20330800
2014,5/6/14,49.1029,49.6743,46.52,46.5986,22722700
2014,5/7/14,46.59,46.8344,45.0301,45.7914,25680900
2014,5/8/14,45.3086,47.3886,44.9086,45.9514,21168700
2014,5/9/14,46.0114,47.1343,45.3357,46.9357,17968300
2014,5/12/14,47.2657,49.3614,47.2171,49.35,21395500
2014,5/13/14,49.2071,50.61,48.6771,49.5914,20832000
2014,5/14/14,49.5786,50.6286,49.4371,50.2686,19891900
2014,5/15/14,50.1214,50.2557,48.4829,49.17,23370200
2014,5/16/14,49.3529,49.9957,48.5486,49.9829,19072200
2014,5/19/14,49.5714,52.4603,49.5075,52.0714,25393200
2014,5/20/14,52.1443,53.2429,51.7714,53.0957,28828100
2014,5/21/14,53.5886,55.8129,53.3357,55.8,39939900
2014,5/22/14,55.84,56.7857,55.3571,55.9714,33222700
2014,5/23/14,55.9486,57.4957,55.6659,57.4786,22122100
2014,5/27/14,57.4286,57.46,56.1643,56.9729,26735100
2014,5/28/14,56.7429,57.8857,56.2143,57.32,19873700
2014,5/29/14,57.6286,59.4271,57.0786,59.3143,22844500
2014,5/30/14,59.3114,60.2486,58.8014,59.69,29248800
2014,6/2/14,59.9257,60.4157,58.9286,60.2943,20480600
2014,6/3/14,59.9986,60.8,59.5786,59.6529,17133200
2014,6/4/14,59.5371,60.6429,59.0429,60.4586,17432800
2014,6/5/14,60.5357,61.3429,59.7957,61.1929,18930800
2014,6/6/14,61.43,62.1271,61.1943,61.4471,15730400
2014,6/9/14,61.3571,61.5214,60.0129,60.4414,16678900
2014,6/10/14,60.7886,62.2914,60.7171,61.1843,22920100
2014,6/11/14,60.7471,61.8,60.7143,61.4286,13745900
2014,6/12/14,61.2957,61.4639,60.0714,60.35,15803200
2014,6/13/14,60.4286,61.1286,59.6014,61.1014,15778700
2014,6/16/14,60.9329,61.6014,60.4886,61.4657,12506200
2014,6/17/14,62.5771,64.0128,62.5386,63.3786,28996100
2014,6/18/14,63.3814,64.4029,62.8929,64.0971,18786600
2014,6/19/14,64.2043,64.2129,62.58,63.0557,17308200
2014,6/20/14,63.0286,63.2686,62.14,62.8829,13222300
2014,6/23/14,62.7657,63.1229,62.2214,62.7886,10672900
2014,6/24/14,62.5786,64.2771,62.2143,62.3371,20367200
2014,6/25/14,62.1429,63.5371,61.9043,63.4586,15752100
2014,6/26/14,62.97,63.1629,62.3929,62.8014,14237300
2014,6/27/14,62.6171,63.3129,62.4857,63.1543,15587600
2014,6/30/14,63.2657,63.8383,62.8129,62.9429,10588900
2014,7/1/14,65.1757,67.6686,65.0429,67.5857,37995300
2014,7/2/14,67.64,67.9814,66.5771,66.6771,17309600
2014,7/3/14,67.1657,67.5171,66.9814,67.4786,11359600
2014,7/7/14,67.4429,67.4614,65.7143,65.8029,18296600
2014,7/8/14,65.6643,65.8571,62.7544,63.5786,26182800
2014,7/9/14,63.74,64.1914,62.8186,63.2857,21011200
2014,7/10/14,62.056,63.4557,61.1714,62.65,24388700
2014,7/11/14,63.0657,63.4471,62.45,62.8514,14219100
2014,7/14/14,63.3286,65.0686,62.7143,64.6543,17433500
2014,7/15/14,64.3843,64.4814,63.1814,64.1557,13505800
2014,7/16/14,64.8671,65.1,63.3429,63.4914,13438600
2014,7/17/14,63.3257,64.1214,62.6129,62.7657,13266400
2014,7/18/14,62.9729,63.4714,62.2493,63.4529,11760700
2014,7/21/14,64.5271,65.3571,63.9457,64.5643,34671000
2014,7/22/14,63.2829,63.5243,60.7231,61.5843,57174600
2014,7/23/14,61.4871,62.2014,60.93,61.1286,17267600
2014,7/24/14,61.3529,61.4584,59.86,60.7686,18621400
2014,7/25/14,60.7143,61.1671,60.0571,60.2657,11610200
2014,7/28/14,60.3157,60.8443,59.7886,60.6657,11960900
2014,7/29/14,60.4586,61.1986,60.4586,60.6114,9282000
2014,7/30/14,60.6786,62.1843,60.6157,62.0514,15263500
2014,7/31/14,61.4657,61.8529,60.1843,60.3886,13820100
2014,8/1/14,60.2514,61.1038,58.93,60.7714,18947600
2014,8/4/14,61.0286,61.4286,60.1114,60.3857,10686900
2014,8/5/14,60.1857,61.1429,60.0443,60.4071,10653300
2014,8/6/14,60.1429,62.1286,60.0786,61.4714,15835400
2014,8/7/14,62.1857,64.2786,62.0786,64.2386,27313300
2014,8/8/14,64.3143,64.4243,63.15,63.6929,15495200
2014,8/11/14,64.1743,65.3786,64.1014,64.5057,13246800
2014,8/12/14,64.4786,64.7143,63.3443,63.7729,10845100
2014,8/13/14,64.0857,64.8879,63.8314,64.5043,9062900
2014,8/14/14,64.6014,65,64.0314,64.41,6676600
2014,8/15/14,64.4986,66,64.0857,65.5843,22036700
2014,8/18/14,66.0086,67.0714,65.8929,66.5714,13496000
2014,8/19/14,66.7271,67.2143,66.0614,66.8786,10897600
2014,8/20/14,66.7143,67.6786,66.363,67.4557,12163900
2014,8/21/14,67.3257,68.0214,66.8101,67.4357,11746700
2014,8/22/14,67.2771,68.5071,67.15,68.4557,13735400
2014,8/25/14,68.7929,69.3286,68.2186,68.7043,13484800
2014,8/26/14,68.3571,68.8357,67.793,68.48,10137400
2014,8/27/14,68.4857,68.6064,67.6614,67.8143,10394300
2014,8/28/14,67.5214,68.2114,67.2586,67.8871,7584500
2014,8/29/14,68.1214,68.6429,67.7343,68.2343,9838500
2014,9/2/14,68.3571,68.3986,67.7986,68.0857,8806700
2014,9/3/14,68.6457,69.6571,68.0757,68.1986,16219000
2014,9/4/14,68.4443,68.8129,67.4471,67.5243,11958800
2014,9/5/14,67.6043,68.1929,67.1529,67.9543,11953200
2014,9/8/14,67.7714,68.6571,67.7429,68.4757,7668500
2014,9/9/14,69.4714,69.8981,68.0571,68.43,19737900
2014,9/10/14,68.6,69.25,68.1481,69.1986,9104900
2014,9/11/14,68.9386,69.1943,68.5243,68.7943,7865200
2014,9/12/14,69.0929,69.27,68.0171,68.0786,13425300
2014,9/15/14,68.22,68.22,65.2643,65.3929,20442800
2014,9/16/14,64.0571,65.4486,63.6571,65.2729,26838700
2014,9/17/14,65.2729,65.5522,64.47,64.9329,12133100
2014,9/18/14,65.3529,65.9086,64.76,65.5729,10630200
2014,9/19/14,65.8571,65.9043,64.8814,65.36,11960900
2014,9/22/14,65.1814,65.2786,62.6972,63.2543,16169300
2014,9/23/14,63.0329,64.0014,62.9286,63.4143,11471600
2014,9/24/14,63.4943,64.5229,63.22,64.3657,9526405
2014,9/25/14,64.2714,64.6214,63.2029,63.3557,9830891
2014,9/26/14,63.5714,64.3771,63.4129,64.1071,10404695
2014,9/29/14,63.4386,64.3629,63.1457,64.2229,9517529
2014,9/30/14,64.6143,65.3128,64.2571,64.4543,12478207
2014,10/1/14,64.0986,64.2857,62.47,62.6857,15421658
2014,10/2/14,62.7,64.3557,62.5543,64.2829,18453435
2014,10/3/14,64.7414,65.8,64.6443,65.6486,15292396
2014,10/6/14,66,66.7443,65.8571,66.2114,13711348
2014,10/7/14,65.8714,66.6114,65.1429,65.1786,13760117
2014,10/8/14,65.2357,66.8,64.4835,66.6943,14344064
2014,10/9/14,66.6614,66.8557,65.6514,65.9457,14933275
2014,10/10/14,65.6857,66.4057,64.4914,64.5829,19122845
2014,10/13/14,64.4643,64.6386,61.8571,62.6543,20231323
2014,10/14/14,63.6443,64.57,62.59,64.16,16759701
2014,10/15/14,63.4957,64.4257,61.4543,64.0843,59927574
2014,10/16/14,47.5329,52.31,47.2857,51.6714,92304996
2014,10/17/14,51.4014,51.4386,48.7857,51.0129,79185463
2014,10/20/14,50.8571,52.7414,50.7932,51.3171,33538421
2014,10/21/14,51.7514,52.3986,50.7771,52.2843,19392527
2014,10/22/14,52.7129,54.5686,51.8857,53.5214,32175689
2014,10/23/14,54.36,55.11,54.0357,54.72,19926837
2014,10/24/14,54.6543,55.2857,54.4014,55.0029,14662830
2014,10/27/14,54.8429,54.9286,53.8143,54.2,14951363
2014,10/28/14,54.25,55.2671,54.05,55.1743,11750844
2014,10/29/14,55.1743,55.2396,53.9671,54.0143,12560058
2014,10/30/14,53.93,54.62,53.5143,54.1443,10593681
2014,10/31/14,54.9143,56.2529,54.8571,56.11,20486739
2014,11/3/14,56.1757,56.5029,55.0157,55.4871,17608381
2014,11/4/14,55.2743,55.3214,54.11,54.6829,11389833
2014,11/5/14,55.0871,55.4057,53.7702,54.34,13645758
2014,11/6/14,54,55.0471,53.9071,54.7571,9991933
2014,11/7/14,54.7771,55.0357,54.1857,54.88,9303980
2014,11/10/14,54.7143,55.6357,54.1429,55.3243,9711317
2014,11/11/14,55.3243,56.3,54.5443,54.65,14849177
2014,11/12/14,54.4471,55.1371,53.8635,54.8371,10958724
2014,11/13/14,54.9229,55.007,53.9321,54.2014,10490466
2014,11/14/14,54.1971,55.3171,54.0807,55.1486,10988621
2014,11/17/14,55.0543,55.6428,54.3929,54.4486,9225643
2014,11/18/14,54.4286,54.9857,54.3614,54.4329,7927178
2014,11/19/14,54.7443,55.2929,51.8086,51.8714,24515421
2014,11/20/14,51.87,53.3229,51.5714,52.5914,15425431
2014,11/21/14,53.2114,53.3214,51.3571,51.4686,17877783
2014,11/24/14,51.5086,51.9226,50.7714,50.9243,17863909
2014,11/25/14,50.1457,50.3477,49.1429,49.8557,28100842
2014,11/26/14,50.1543,50.5271,49.7455,50.1657,10065321
2014,11/28/14,50.5129,50.5714,49.4271,49.5129,6702255
2014,12/1/14,49.2857,49.5714,48.2343,48.83,11964673
2014,12/2/14,48.7571,50.4771,48.6914,50.33,14271698
2014,12/3/14,50.2214,50.7314,49.1814,50.7314,13831902
2014,12/4/14,50.4286,51.1357,49.9086,50.0857,11864713
2014,12/5/14,50.1471,50.6429,49.7329,50.1314,9929871
2014,12/8/14,49.8814,49.9829,48.29,48.4971,13628643
2014,12/9/14,47.82,49.3371,47.0029,49.1114,17994368
2014,12/10/14,49.0214,49.2471,47.6657,47.76,12674977
2014,12/11/14,48.0129,48.7,47.6557,47.8043,11771424
2014,12/12/14,47.4171,48.3229,46.98,47.7829,13574519
2014,12/15/14,48.0557,48.4186,46.6186,46.72,12025545
2014,12/16/14,46.4271,47.07,45.1429,45.2057,16981174
2014,12/17/14,45.3757,47.8671,45.0772,47.6643,20193047
2014,12/18/14,48.4,48.9286,47.2329,47.7743,15639365
2014,12/19/14,47.9,48.72,47.6214,48.5886,15048061
2014,12/22/14,48.5429,49.24,47.7486,48.0971,8007650
2014,12/23/14,48.2871,48.4279,47.4729,48.0614,8307964
2014,12/24/14,48.0729,49.07,47.9986,48.8714,5412407
2014,12/26/14,48.8443,49.4842,48.5343,48.5786,8847447
2014,12/29/14,47.97,49.1043,47.6529,48.8471,8608586
2014,12/30/14,48.7143,49.14,48.5389,49.0329,7011221
2014,12/31/14,49.0329,49.3914,48.7871,48.8014,8627773
2015,1/2/15,49.1514,50.3314,48.7314,49.8486,13474825
2015,1/5/15,49.2586,49.2586,47.1472,47.3114,18165021
2015,1/6/15,47.3471,47.64,45.6614,46.5014,16037952
2015,1/7/15,47.3471,47.4214,46.2714,46.7429,9850022
2015,1/8/15,47.12,47.8357,46.4786,47.7793,9624209
2015,1/9/15,47.6314,48.02,46.8986,47.0414,9525075
2015,1/12/15,47.09,47.1986,45.2643,45.5471,12944610
2015,1/13/15,46.0214,47.0482,45.9,46.2557,18729256
2015,1/14/15,47.0714,47.37,45.68,46.32,19884599
2015,1/15/15,46.5471,46.7857,45.8443,46.2514,11678688
2015,1/16/15,46.8571,48.25,46.3814,48.1914,19696474
2015,1/20/15,48.5714,50,47.7143,49.8286,40551287
2015,1/21/15,59.2343,59.24,57.41,58.4686,66902766
2015,1/22/15,58.5714,61.3743,57.8286,61.2057,33319398
2015,1/23/15,60.9886,62.7429,60.8814,62.4936,26784352
2015,1/26/15,62.5714,63.8986,61.9571,63.7943,21269045
2015,1/27/15,63.0871,65.34,63.05,64.8814,24612553
2015,1/28/15,64.7414,64.8214,63.0814,63.2086,24532858
2015,1/29/15,63.2043,63.9271,62.5,63.4,15127938
2015,1/30/15,63.1329,63.9843,62.6557,63.1143,13215601
2015,2/2/15,62.8429,63.4286,61.9557,63.0093,12990789
2015,2/3/15,63.32,65.4671,62.73,65.2743,16439913
2015,2/4/15,65.0414,65.1743,63.8893,64.1014,12450942
2015,2/5/15,64.5414,65.1386,63.6657,64.13,14248724
2015,2/6/15,64.25,64.4286,63.1757,63.48,8898260
2015,2/9/15,63.1986,63.7857,62.6371,63.295,8179332
2015,2/10/15,63.46,65.1577,63.1014,64.85,15418879
2015,2/11/15,64.83,66.1414,64.5571,64.9843,13953296
2015,2/12/15,65.0586,65.6071,64.4514,65.2471,8471939
2015,2/13/15,65.4286,66.63,65.4228,66.5857,12968746
2015,2/17/15,66.5157,67.3714,65.9443,67.1371,11170404
2015,2/18/15,67.0229,68.07,66.6457,67.8657,10316831
2015,2/19/15,67.8571,68.7143,67.5743,67.8,10438554
2015,2/20/15,67.95,68.3745,67.6371,68.3143,9421846
2015,2/23/15,68.3,68.3143,67.1429,67.4057,9031701
2015,2/24/15,67.3729,68.0835,67.3557,67.84,6075202
2015,2/25/15,67.8071,68.7943,67.8071,68.3329,6859867
2015,2/26/15,68.6257,69.4999,68.43,69.0043,10852884
2015,2/27/15,69.0814,69.4286,67.8186,67.8443,11516694
2015,3/2/15,67.7143,68.6071,67.2343,68.6071,10186925
2015,3/3/15,68.3443,68.4564,67.5071,67.8157,7426608
2015,3/4/15,67.53,67.9257,66.1829,67.11,17453779
2015,3/5/15,67.4286,67.4642,66.42,66.8071,11248986
2015,3/6/15,66.6429,66.9259,64.8443,64.8743,12888540
2015,3/9/15,64.99,65.0929,62.8286,63.6614,18970931
2015,3/10/15,63.0157,63.3514,61.9829,62.1514,17947034
2015,3/11/15,62.24,63.9406,62.24,62.8843,16363417
2015,3/12/15,63.3471,64.5829,63.34,64.0457,14654647
2015,3/13/15,63.9071,64.0571,62.3671,62.6286,10160997
2015,3/16/15,61.5471,61.5471,59.62,60.2814,26796119
2015,3/17/15,59.7129,60.6943,59.3843,59.7886,18428130
2015,3/18/15,59.7386,60.65,59.3,60.4457,14634935
2015,3/19/15,60.46,61.212,60.2557,60.7443,11449823
2015,3/20/15,61.3371,61.7857,60.8957,61.185,13641838
2015,3/23/15,60.89,61.1557,60.3301,60.7143,7664104
2015,3/24/15,61.1357,63.0986,61.1189,62.6114,16888746
2015,3/25/15,62.6843,62.6914,60.2443,60.25,21652386
2015,3/26/15,59.6286,60.4471,59.39,59.7514,16038785
2015,3/27/15,59.33,59.8471,58.5729,59.2529,15851934
2015,3/30/15,59.7157,60.5643,59.3643,60.3671,13272378
2015,3/31/15,60.11,60.42,59.4557,59.5271,14248605
2015,4/1/15,59.6429,59.7857,58.7029,59.0171,14639744
2015,4/2/15,59.0714,59.6071,58.8614,59.1543,9864211
2015,4/6/15,58.7686,60.4471,58.4643,60.33,10730328
2015,4/7/15,60.4971,60.8486,60.0429,60.4943,9977716
2015,4/8/15,61.2014,63.1071,61.1846,63.05,22327697
2015,4/9/15,63,63.1357,62.1143,62.7857,13455540
2015,4/10/15,64.3971,64.9957,63.9471,64.9386,22367093
2015,4/13/15,67.24,69.2857,67.0571,67.8114,44436945
2015,4/14/15,68.8571,69.1429,67.4214,68.3871,28642138
2015,4/15/15,68.7043,68.7043,67.364,67.9229,42528619
2015,4/16/15,76,81.25,75.7143,80.2929,104500746
2015,4/17/15,79.7786,82.1429,79.7143,81.65,58306367
2015,4/20/15,81.7857,82.3043,80.3814,81.0557,30766400
2015,4/21/15,81.2343,81.4843,79.8,80.0629,15925574
2015,4/22/15,80.2114,80.7129,79.5443,79.6686,12089511
2015,4/23/15,79.6557,80.3429,78.9557,79.8657,12687283
2015,4/24/15,80.1729,80.8086,79.5071,79.7707,11045237
2015,4/27/15,80.2929,81.7857,80.23,80.8686,15247001
2015,4/28/15,80.59,81.2786,79.9443,80.4371,8826475
2015,4/29/15,80.07,81.0557,79.6443,80.4071,9540468
2015,4/30/15,80.2371,80.8357,79.1243,79.5,10565254
2015,5/1/15,79.8557,79.9671,78.8943,79.5757,8906086
2015,5/4/15,79.5714,79.7143,78.9,79.2714,7967085
2015,5/5/15,81.2386,82.4429,80.7571,80.7929,27116285
2015,5/6/15,81.0286,81.2143,79.5214,80.0771,11504507
2015,5/7/15,80.1143,80.7943,79.4571,80.7486,10220595
2015,5/8/15,81.0414,82.1529,80.9643,82.0857,13828248
2015,5/11/15,82.3243,84.8571,82.1857,84.2779,23882383
2015,5/12/15,83.8086,83.8086,82.9929,83.3771,11906972
2015,5/13/15,83.4043,84.1971,82.6914,82.8729,11155725
2015,5/14/15,83.2857,83.9243,82.33,83.8357,8898659
2015,5/15/15,86.3643,88.3484,85.7557,87.6071,37053009
2015,5/18/15,87.5443,88.5341,87.0243,88.2671,14811944
2015,5/19/15,88.8886,89.7857,87.81,88.0686,19101306
2015,5/20/15,88.2143,89.1086,87.3629,88.79,12757129
2015,5/21/15,89.0814,89.5714,88.1814,89.0029,12767020
2015,5/22/15,89.1786,89.4071,88.6929,88.8386,7466039
2015,5/26/15,88.8743,89.0613,87.7863,87.9929,9645720
2015,5/27/15,88.1429,89.9071,87.9286,89.8571,10506412
2015,5/28/15,89.7143,89.8557,88.93,89.5071,7821541
2015,5/29/15,89.4729,90.2057,88.9557,89.1514,12712014
2015,6/1/15,88.8371,89.1217,87.9443,89.0029,9925832
2015,6/2/15,88.7114,89.6786,88.4057,89.13,7528927
2015,6/3/15,89.2429,89.7329,88.6443,88.8086,6237994
2015,6/4/15,88.3786,89.4286,88.0429,89.3486,10074379
2015,6/5/15,89.2143,90.54,89.1257,90.46,11624347
2015,6/8/15,90.7143,90.8157,88.9957,89.6043,11148914
2015,6/9/15,89.3343,92.7143,89.3343,92.45,22025080
2015,6/10/15,93.3957,98.97,93.2257,95.8714,57121379
2015,6/11/15,96.89,96.9186,94.0871,95.0943,26623387
2015,6/12/15,94.9157,95.3429,94.1243,94.4186,10278821
2015,6/15/15,92.8571,93.5914,91.6586,93.4314,19053951
2015,6/16/15,94.2429,95.6071,93.6914,95.2729,16043020
2015,6/17/15,95.1329,95.1329,93.9574,94.2714,9905119
2015,6/18/15,94.6514,95.3414,94.3686,94.7429,8963122
2015,6/19/15,96.2429,96.4179,93.8214,93.8714,19814802
2015,6/22/15,95.0429,96.6929,94.1886,96.4143,16732905
2015,6/23/15,96.3357,97.39,95.75,97.3129,15626436
2015,6/24/15,100.0143,100.8914,96.3971,96.9443,77138796
2015,6/25/15,95.4814,96,93.4586,94.8914,41623204
2015,6/26/15,95.3,95.3143,93.0886,93.0886,30314697
2015,6/29/15,91.5057,92.9129,91.1171,92.2314,24575887
2015,6/30/15,93.3571,94.3557,92.7857,93.8486,16880458
2015,7/1/15,94.8057,95.2386,93.2186,93.6357,14699419
2015,7/2/15,93.9986,94.1986,93.2143,94.0443,11053231
2015,7/6/15,93.4729,94.9286,93.34,94.5714,11808384
2015,7/7/15,95.0129,95.4271,92.6229,94.0914,21573272
2015,7/8/15,93.4714,93.9957,92.2843,93.5071,12990691
2015,7/9/15,94.9,95.8457,94.2857,95.7271,16731316
2015,7/10/15,97.5229,98.5028,96.9,97.2286,21636594
2015,7/13/15,98.0986,102.3086,98.0788,101.0871,33205011
2015,7/14/15,101.2714,101.6357,99.6529,100.3714,19736437
2015,7/15/15,99.97,100.75,97.05,98.13,30898594
2015,7/16/15,111.02,116.49,107.68,115.81,63460992
2015,7/17/15,117.34,117.88,114.24,114.77,25136948
2015,7/20/15,114.7,114.7,110.14,110.55,22676913
2015,7/21/15,110.21,113.71,109.32,112.51,14085422
2015,7/22/15,112.14,113.88,110.5608,111.5,10500548
2015,7/23/15,110.91,112.18,109.84,110.1,8306774
2015,7/24/15,111.55,111.68,108.9,109.34,8125065
2015,7/27/15,107.79,109.86,106.25,106.43,11302624
2015,7/28/15,107.29,107.94,103.88,106.9,11155945
2015,7/29/15,106.83,107.75,105.4,107.08,6695640
2015,7/30/15,106.4,111.9,105.4,111.56,14229196
2015,7/31/15,111.95,115,111.15,114.31,16349071
2015,8/3/15,114.6,114.6,111.78,112.56,10144817
2015,8/4/15,113.15,122.79,113,121.15,29653323
2015,8/5/15,125.62,129.29,122.705,123.71,26831246
2015,8/6/15,126.29,128.85,122.04,126.45,24716746
2015,8/7/15,126.42,126.6,121.3,123.52,17360669
2015,8/10/15,126.09,126.5,121.51,123.03,13424574
2015,8/11/15,120.01,123.76,120,122.74,11596811
2015,8/12/15,121.47,122.45,118.66,120.51,13881612
2015,8/13/15,120.99,125.73,119.34,123.73,15284397
2015,8/14/15,124.96,125,123,123.39,8667683
2015,8/17/15,123.14,125.7,122.59,125.36,9233848
2015,8/18/15,125.26,126.749,123.55,124.05,9381994
2015,8/19/15,123.5,123.7,121.5,122.06,10115271
2015,8/20/15,119.8,121.45,111.34,112.49,28045318
2015,8/21/15,106.2,110,102.751,103.96,33228296
2015,8/24/15,88.75,109.63,85.5,96.88,59951948
2015,8/25/15,107.75,107.88,101.5,101.52,37620719
2015,8/26/15,107.15,110.28,102.02,110.13,36164638
2015,8/27/15,114.94,118.25,113.02,117.66,37056071
2015,8/28/15,116.46,119.35,115.88,117.63,20240237
2015,8/31/15,115.24,117,113.76,115.03,17005581
2015,9/1/15,109.36,111.24,103.82,105.79,35977081
2015,9/2/15,109.31,109.5,100.3,105.44,39843254
2015,9/3/15,102.69,104.17,100.11,101.06,29546652
2015,9/4/15,98.05,99.928,97.34,98.79,24211978
2015,9/8/15,102.08,102.5,93.55,94.95,43479650
2015,9/9/15,96.51,102.79,95.52,99.18,35524441
2015,9/10/15,99.42,100.85,96.78,99.48,21031866
2015,9/11/15,98.57,100.85,97.23,97.51,17373920
2015,9/14/15,96.84,97.91,94.33,95.69,15545991
2015,9/15/15,95.22,99.65,93.61,99.16,22591084
2015,9/16/15,99.7,104.48,99.33,104.08,28058216
2015,9/17/15,103.67,107.5,101.83,104.21,25817651
2015,9/18/15,102,104.36,100.71,102.62,21715034
2015,9/21/15,103.3,103.77,99.5568,100.3,17900624
2015,9/22/15,98.29,99.9,97,98.47,16717919
2015,9/23/15,98.6,99.74,97.66,98.07,10264540
2015,9/24/15,97.11,104,96.78,103.76,21274471
2015,9/25/15,105.3,105.4487,101.57,102.24,19066632
2015,9/28/15,101.57,103.3275,97.8414,99.47,16895926
2015,9/29/15,99.63,100.63,96.85,98.35,17405941
2015,9/30/15,99.91,103.46,99.05,103.24,16302867
2015,10/1/15,102.91,106.11,101.12,105.98,17426948
2015,10/2/15,103.01,106.87,101.45,106.11,21526717
2015,10/5/15,107.48,112.28,105.76,111.25,21157937
2015,10/6/15,110.33,112.25,105.64,108.33,20836303
2015,10/7/15,108.84,109.78,106.75,108.1,12329535
2015,10/8/15,107.94,115.05,102.6,114.93,42831944
2015,10/9/15,114.11,115.83,112.44,113.33,22455205
2015,10/12/15,114.45,115.42,112.36,113.45,12624497
2015,10/13/15,112.85,113.72,108.78,109.73,17512118
2015,10/14/15,111.5,111.63,108.05,110.23,33231481
2015,10/15/15,103.77,104.88,99.1,101.09,48484328
2015,10/16/15,100.21,101.65,98.41,98.99,21340511
2015,10/19/15,98.07,103.62,96.26,101.69,29964714
2015,10/20/15,101.06,102.11,97.58,98.99,17345614
2015,10/21/15,99.67,100.34,97.01,97.96,13759583
2015,10/22/15,98.07,99.93,96.86,97.32,12786768
2015,10/23/15,97.61,101.56,97.27,100.04,18019886
2015,10/26/15,100.05,103.31,99.38,103.04,12234824
2015,10/27/15,102.58,104.72,101.23,103.07,12066402
2015,10/28/15,102.9,106.21,102.06,105.8,13093962
2015,10/29/15,105,106.91,104.75,105.12,9841406
2015,10/30/15,105.12,110.1,104.9,108.38,15571468
2015,11/2/15,109.2,109.37,106.3,107.64,11784573
2015,11/3/15,107.36,111.05,107.24,109.74,12484136
2015,11/4/15,110.36,114.28,109.39,114.05,17505023
2015,11/5/15,113.75,115.68,111.72,113.5,13814939
2015,11/6/15,113.39,114.8,112.05,114.06,10936608
2015,11/9/15,113.36,114,108.64,109.86,16154632
2015,11/10/15,108.86,112.84,108.01,112.7,11166372
2015,11/11/15,113.08,114.61,111.41,112.86,11039154
2015,11/12/15,112.52,115.25,108.2,108.92,17568163
2015,11/13/15,108.34,109.07,103.27,103.65,18819418
2015,11/16/15,102.97,111.65,101.86,111.35,19866161
2015,11/17/15,112.11,118.79,111.7,117.1,32971616
2015,11/18/15,117.94,121,116.1,120.63,23353565
2015,11/19/15,120.25,123.13,119.61,120.22,19253236
2015,11/20/15,120.85,124.07,119.21,123.84,17977001
2015,11/23/15,124.3,126.2,121.66,125.03,15726984
2015,11/24/15,123.67,124.66,120.03,123.31,18335255
2015,11/25/15,124.23,125.2,122.36,124.16,10980677
2015,11/27/15,123.85,126.39,123.59,125.44,6645484
2015,11/30/15,126.03,126.6,122.89,123.33,13894031
2015,12/1/15,124.47,125.57,122.42,125.37,12550755
2015,12/2/15,125.53,131.35,124.93,128.93,24105712
2015,12/3/15,129.62,132.2,126.39,126.81,26647260
2015,12/4/15,127,130.99,125.75,130.93,20250411
2015,12/7/15,131.19,133.27,122.75,125.36,23351610
2015,12/8/15,121.51,128.24,121.1,126.98,18591147
2015,12/9/15,127.7,128.78,122.33,124.2,17788797
2015,12/10/15,124.5,125.21,121.62,122.91,13474119
2015,12/11/15,121.45,123,118.6,118.91,16105315
2015,12/14/15,119.77,120.9,114.66,120.67,18735608
2015,12/15/15,121.93,123.3,118.54,118.6,11759993
2015,12/16/15,119.8,123,118.09,122.64,13180982
2015,12/17/15,123.97,126.35,122.42,122.51,17284872
2015,12/18/15,120.85,122.19,117.92,118.02,17948060
2015,12/21/15,119.51,119.59,115.66,116.63,11669993
2015,12/22/15,117.3,117.43,114.86,116.24,9689044
2015,12/23/15,116.91,118.56,115.78,118.16,9324333
2015,12/24/15,118.22,118.8,117.3,117.33,3541403
2015,12/28/15,117.26,117.35,113.85,117.11,8424276
2015,12/29/15,118.19,119.6,116.92,119.12,8159211
2015,12/30/15,118.95,119.02,116.43,116.71,8149686
2015,12/31/15,116.21,117.46,114.28,114.38,9273008
2016,1/4/16,109,110,105.21,109.96,20794848
2016,1/5/16,110.45,110.58,105.85,107.66,17664562
2016,1/6/16,105.29,117.91,104.96,117.68,33045656
2016,1/7/16,116.36,122.18,112.29,114.56,33636661
2016,1/8/16,116.33,117.72,111.1,111.39,18067140
2016,1/11/16,112.13,116.79,111.2,114.97,21920390
2016,1/12/16,116.11,117.78,115.08,116.58,15133522
2016,1/13/16,114.43,114.48,104.53,106.56,24921587
2016,1/14/16,105.65,109.25,101.21,107.06,23664784
2016,1/15/16,102.43,105.5,101.72,104.04,19775141
2016,1/19/16,106.57,110.14,105.55,107.89,35722752
2016,1/20/16,108.91,109.99,97.0501,107.74,53009419
2016,1/21/16,108.32,108.51,102.1,102.35,31027503
2016,1/22/16,104.7225,104.99,99.22,100.72,26821771
2016,1/25/16,99.78,102.68,99,99.12,20321102
2016,1/26/16,99.74,100.55,94.85,97.83,22083897
2016,1/27/16,96.61,97.8495,90.59,91.15,25556187
2016,1/28/16,93.84,95.25,90.11,94.41,24562311
2016,1/29/16,92,94.39,90.63,91.84,20463895
2016,2/1/16,91.79,97.18,91.3,94.09,19684477
2016,2/2/16,95.54,96.65,90.73,91.49,21906495
2016,2/3/16,92.41,92.69,86.14,90.74,27466034
2016,2/4/16,89.5,91.25,86.54,89.71,19108600
2016,2/5/16,88.23,88.95,81.86,82.79,25929257
2016,2/8/16,80.57,84.7,79.95,83.32,25035634
2016,2/9/16,81.75,88.4,81.55,86.13,25892874
2016,2/10/16,89,92.21,87.42,88.45,23146517
2016,2/11/16,87.42,88.39,82.911,86.35,21820321
2016,2/12/16,86.64,89.72,85.26,87.4,19067683
2016,2/16/16,89,90.14,87.54,89.05,16356604
2016,2/17/16,90.13,94.77,89.64,94.76,18323834
2016,2/18/16,94.8,94.9,90.31,90.49,17695324
2016,2/19/16,89.98,91.4,88.03,89.23,14259205
2016,2/22/16,90.75,93.11,88.3,91.93,16321822
2016,2/23/16,91.4,92.49,89.05,89.12,12744428
2016,2/24/16,88.5,91.76,86.7,91.61,15972819
2016,2/25/16,91.08,94.81,90.21,94.53,17898777
2016,2/26/16,95.3,97.48,94.25,94.79,16975151
2016,2/29/16,94.81,97.2,93.34,93.41,13663080
2016,3/1/16,94.58,99.16,93.61,98.3,17048790
2016,3/2/16,98.01,99.48,95.9,97.61,19102849
2016,3/3/16,97.83,98.35,95.39,97.93,15320921
2016,3/4/16,98.76,102.22,98.32,101.58,23414622
2016,3/7/16,101,101.79,95.25,95.49,23906672
2016,3/8/16,95,98.28,94.5,96.23,14710898
2016,3/9/16,96.82,98.37,95,98,12298660
2016,3/10/16,98.18,99.74,95.45,97.36,17002063
2016,3/11/16,99.51,99.6,96.05,97.66,15114299
2016,3/14/16,97.2,99.42,97.17,98.13,11251874
2016,3/15/16,97.87,98.51,96.43,97.86,9691768
2016,3/16/16,97.53,99.73,97.5,99.35,12630530
2016,3/17/16,99.05,101.39,99,99.72,13824964
2016,3/18/16,100.5,102.41,100.01,101.12,15453454
2016,3/21/16,101.15,102.1,99.5,101.06,9578466
2016,3/22/16,100.48,101.52,99.2,99.84,9069905
2016,3/23/16,99.75,100.39,98.81,99.59,8313480
2016,3/24/16,98.64,98.85,97.07,98.36,10671139
2016,3/28/16,98.34,101.44,97.82,101.21,12432217
2016,3/29/16,101.08,104.33,101,104.13,16008868
2016,3/30/16,104.65,104.91,101.4805,102.19,14704994
2016,3/31/16,102.43,103.53,101.05,102.23,9747539
2016,4/1/16,102.93,105.79,102.47,105.7,14182359
2016,4/4/16,105.9,105.92,103.2,104.35,10940426
2016,4/5/16,103.47,105.75,103.25,104.94,10060916
2016,4/6/16,105.3,106.44,104.25,104.83,9605800
2016,4/7/16,104.31,106.435,103.6,104.45,10774911
2016,4/8/16,105.12,105.326,102.82,103.81,7857592
2016,4/11/16,104.04,104.98,102.62,102.68,7451315
2016,4/12/16,103.15,107.22,102.21,106.98,12436982
2016,4/13/16,108,111.28,107.88,109.65,16701709
2016,4/14/16,110.01,111.64,109.15,110.42,9553688
2016,4/15/16,110.64,111.85,109.7803,111.51,11746065
2016,4/18/16,109.9,110.7,106.02,108.4,32816416
2016,4/19/16,99.49,101.37,94.2,94.34,55728765
2016,4/20/16,94.34,96.98,93.14,96.77,26613506
2016,4/21/16,97.31,97.38,94.78,94.98,19919415
2016,4/22/16,94.847,96.69,94.21,95.9,15806320
2016,4/25/16,95.7,95.7461,92.8,93.56,14985382
2016,4/26/16,93.5,93.55,91.25,92.43,15330856
2016,4/27/16,92.18,92.5,90.21,91.04,12218929
2016,4/28/16,91.5,92.67,90.09,90.28,11474907
2016,4/29/16,90.5,90.56,88.21,90.03,13968018
2016,5/2/16,90.41,93.22,89.8901,93.11,12547005
2016,5/3/16,92.08,93.25,91.3,91.54,10593880
2016,5/4/16,91,92.16,90.35,90.79,7394742
2016,5/5/16,90.91,92.0775,89.25,89.37,10368491
2016,5/6/16,88.83,90.88,88.11,90.84,10433936
2016,5/9/16,90.73,91.828,89.9,90.54,9543705
2016,5/10/16,91.14,93.25,91.09,92.89,11175913
2016,5/11/16,92.4,92.59,89.9,90.02,11692864
2016,5/12/16,90.32,90.41,85.74,87.74,20408118
2016,5/13/16,87.39,88.59,86.26,87.88,11571389
2016,5/16/16,87.56,90,86.15,89.12,11247812
2016,5/17/16,89,90.87,88.172,88.63,11571267
2016,5/18/16,88.25,91.72,88.25,90.5,13911836
2016,5/19/16,90.16,91.27,88.3,89.55,11450323
2016,5/20/16,90.08,93.28,89.98,92.49,15063042
2016,5/23/16,92.98,95.2924,92.85,94.89,13992330
2016,5/24/16,95.98,99.14,95.75,97.89,21246023
2016,5/25/16,99,100.31,98.3,100.2,15211295
2016,5/26/16,103.21,104,101.38,102.81,17824673
2016,5/27/16,102.44,103.5,101.44,103.3,9092127
2016,5/31/16,102.95,103.45,102.13,102.57,8725656
2016,6/1/16,101.5,101.92,100.16,101.51,8393380
2016,6/2/16,101.39,102.15,100.77,101.25,7992448
2016,6/3/16,100.99,101,98.53,99.59,9223994
2016,6/6/16,100.29,101.0712,99.72,100.74,6828128
2016,6/7/16,101.2,101.63,99.77,99.89,6474742
2016,6/8/16,100.02,100.28,97.6,97.86,9423938
2016,6/9/16,97.22,98.433,96.664,97.09,8923803
2016,6/10/16,94.88,95.35,93.28,93.75,12907900
2016,6/13/16,95.02,97.2,93.62,93.85,13484345
2016,6/14/16,94.16,95.8,93.27,94.12,9480388
2016,6/15/16,94.61,95.46,93.5,94.29,7675449
2016,6/16/16,94.18,95.56,93.2474,95.44,7550774
2016,6/17/16,95.75,95.77,94.2,94.45,8046841
2016,6/20/16,95.22,95.88,93.65,93.8,9026376
2016,6/21/16,93.87,93.88,90.77,90.99,15199727
2016,6/22/16,90.78,91.98,89.77,90.01,9454685
2016,6/23/16,90.62,91.68,88.15,91.66,10819033
2016,6/24/16,87.53,90.49,87.21,88.44,11248582
2016,6/27/16,87.88,88,84.81,85.33,13775706
2016,6/28/16,87.41,88.88,86.41,87.97,11545631
2016,6/29/16,89.67,91.97,88.7,91.06,11687079
2016,6/30/16,90.91,91.7201,89.9,91.48,9098971
2016,7/1/16,95,97,94.8,96.67,16167210
2016,7/5/16,95.2,101.27,93.31,97.91,25879367
2016,7/6/16,95.03,96,93.55,94.6,16301211
2016,7/7/16,94.7,95.38,93.18,95.1,9913509
2016,7/8/16,96,97.41,95.3,97.06,8335375
2016,7/11/16,96.19,96.869,94.3,94.67,13276161
2016,7/12/16,95.07,96.72,94.09,95.97,11617410
2016,7/13/16,96.26,96.72,94.8,96.43,8768863
2016,7/14/16,97,98.27,96.8,98.02,9885009
2016,7/15/16,98.52,98.7,97.41,98.39,9041865
2016,7/18/16,98.43,99.84,97.24,98.81,28669659
2016,7/19/16,85.43,86.75,84.5,85.84,55681209
2016,7/20/16,86.67,88.49,85.82,87.91,23525141
2016,7/21/16,88.3,88.38,85.21,85.99,16083996
2016,7/22/16,86.48,86.5,85.11,85.89,11363917
2016,7/25/16,85.73,87.87,85.01,87.66,14135027
2016,7/26/16,91.03,93.1,90.9,91.41,19577623
2016,7/27/16,91.5,92.06,90.1,92.04,8727517
2016,7/28/16,91.92,92.21,90.68,91.65,6227698
2016,7/29/16,91.19,91.749,90.59,91.25,6960222
2016,8/1/16,91.23,94.67,90.5,94.37,10666945
2016,8/2/16,94,94.08,92.18,93.56,9836233
2016,8/3/16,93.28,94.67,92.55,93.1,7030916
2016,8/4/16,93.2,93.7319,91.82,93.44,6043394
2016,8/5/16,93.77,97.74,93.56,97.03,18364801
2016,8/8/16,95.91,95.93,94,95.11,10135401
2016,8/9/16,95.12,95.81,93.48,93.99,9175413
2016,8/10/16,94.4,94.75,92.95,93.93,6511142
2016,8/11/16,94.6,96.33,94.37,95.89,8547659
2016,8/12/16,95.53,96.83,95.08,96.59,6592923
2016,8/15/16,96.83,96.91,95.24,95.31,7304620
2016,8/16/16,95.19,95.61,94.4,95.12,6311339
2016,8/17/16,94.94,96.93,94.85,96.37,8315615
2016,8/18/16,95.98,97.2168,95.17,96.16,7252629
2016,8/19/16,96.05,96.78,95.51,95.87,6942892
2016,8/22/16,95.67,96.13,94.95,95.26,5830548
2016,8/23/16,95.68,96.59,95.48,95.94,5239106
2016,8/24/16,96.13,96.36,94.91,95.18,6276468
2016,8/25/16,96.38,98.245,96.04,97.32,10823055
2016,8/26/16,97.33,97.95,96.57,97.58,6617636
2016,8/29/16,96.97,98.4497,96.57,97.3,8008430
2016,8/30/16,97.84,98.85,97.14,97.45,6093536
2016,8/31/16,97.48,97.88,96.76,97.45,4690614
2016,9/1/16,97.81,97.98,96.916,97.38,4148621
2016,9/2/16,97.9,98.18,97.01,97.38,4247182
2016,9/6/16,97.76,100.32,97.649,100.09,9036092
2016,9/7/16,100.11,100.19,98.42,99.15,6468512
2016,9/8/16,99.23,100.05,98.82,99.66,5201208
2016,9/9/16,99.06,99.39,96.5,96.5,7373319
2016,9/12/16,95.91,99.29,95.71,99.05,7718351
2016,9/13/16,97.17,98,95.33,96.09,11788078
2016,9/14/16,97.35,98.35,96.96,97.01,8528450
2016,9/15/16,97.23,97.97,96.53,97.34,5299930
2016,9/16/16,97.1,99.49,97.04,99.48,9445109
2016,9/19/16,99.9,100.35,97.82,98.06,8616183
2016,9/20/16,98.78,99.16,97.66,98.25,4736762
2016,9/21/16,96.9,97.1,93.26,94.88,20042236
2016,9/22/16,95.54,95.88,94.23,95.83,11214973
2016,9/23/16,95.75,96.97,95.43,95.94,6179471
2016,9/26/16,95.38,95.38,94.04,94.56,6739188
2016,9/27/16,95.04,97.64,95,97.07,9680100
2016,9/28/16,97.1,97.59,96.02,97.48,7235109
2016,9/29/16,97.31,98.31,96.6,96.67,6217636
2016,9/30/16,96.9,99.53,96.79,98.55,9807925
2016,10/3/16,98,103.39,98,102.63,15344490
2016,10/4/16,103.19,104.44,101.86,102.34,12143104
2016,10/5/16,103.5,106.97,103.4301,106.28,12942880
2016,10/6/16,104.97,105.47,103.88,105.07,6587738
2016,10/7/16,103.98,106.5,103.5501,104.82,8659518
2016,10/10/16,103.18,104.53,102.76,103.33,6699653
2016,10/11/16,102.31,102.9,99.86,100.59,9032854
2016,10/12/16,100.88,102.47,99.22,99.5,7426504
2016,10/13/16,98.01,100.5,97.63,100.23,8319333
2016,10/14/16,101.59,102.099,100.35,101.47,9531056
2016,10/17/16,100.5,100.73,98.38,99.8,26589483
2016,10/18/16,116.63,119.82,116.5,118.79,42168221
2016,10/19/16,118.25,122.45,118,121.87,21981734
2016,10/20/16,121.97,123.75,121.06,123.35,14492827
2016,10/21/16,122.5,127.85,122.31,127.5,18832428
2016,10/24/16,127.42,129.29,126.15,127.33,15980674
2016,10/25/16,126.52,128.06,125.75,126.51,8253941
2016,10/26/16,126.29,128.72,125.75,126.97,8602407
2016,10/27/16,127.43,128.18,125.93,126.47,6914182
2016,10/28/16,126.08,128.93,126.0118,126.57,7077252
2016,10/31/16,126.85,126.9,124.4,124.87,6517512
2016,11/1/16,124.98,125.83,121.8,123.3,6978621
2016,11/2/16,122.83,124.07,121.83,122.34,4816526
2016,11/3/16,122.31,123.72,121.84,122.14,5041321
2016,11/4/16,122,123.43,121.62,122.03,5077719
2016,11/7/16,124.26,125.75,123.37,124.58,5827126
2016,11/8/16,124.12,125.81,123.22,124.34,4690756
2016,11/9/16,121.84,123.65,120.8611,122.19,7705673
2016,11/10/16,122.76,122.97,113.7,115.42,19718703
2016,11/11/16,114.9,116.63,113.11,114.78,11080251
2016,11/14/16,114.75,115.9,110.68,113.38,9932379
2016,11/15/16,114.55,116.41,113.091,113.59,7445094
2016,11/16/16,112.96,116.12,111.81,115.19,5933728
2016,11/17/16,112.89,116.81,113.56,115.03,6232744
2016,11/18/16,115.73,116.42,113.51,115.21,6746783
2016,11/21/16,116.2,118.72,116.19,117.96,7064528
2016,11/22/16,118.32,119.46,116.98,118.04,7007188
2016,11/23/16,117.76,118.89,117.31,117.69,4521314
2016,11/25/16,117.64,118.39,117.18,117.41,1616260
2016,11/28/16,117.05,117.62,115.71,116.93,5278861
2016,11/29/16,117.3,119.18,117.1316,117.51,7082264
2016,11/30/16,119,120.37,116.3913,117,7715103
2016,12/1/16,117.52,118.68,113.95,117.22,8636943
2016,12/2/16,116.75,120.98,116.75,120.81,8953590
2016,12/5/16,120.73,120.75,118.4,119.16,7626283
2016,12/6/16,120.1,124.79,119.42,124.57,11513209
2016,12/7/16,124.48,125.75,123.25,125.39,8204687
2016,12/8/16,125.4,126.35,122.16,123.24,8987712
2016,12/9/16,123.78,124.3,121.73,122.88,4700783
2016,12/12/16,122.84,124.03,122.3,122.83,3917605
2016,12/13/16,123.51,125.09,122.7809,123.78,5564509
2016,12/14/16,123.43,124.4,122.5,123.44,6110273
2016,12/15/16,123.44,127.43,122.95,125,7376184
2016,12/16/16,126.39,126.68,124.01,124.22,7867975
2016,12/19/16,124.3,126.44,122.87,125.45,4867276
2016,12/20/16,125.46,126.3,124.64,125.12,3937812
2016,12/21/16,125.53,127.7372,125,126.5,6514793
2016,12/22/16,126.84,127.5,125.18,125.58,4161410
2016,12/23/16,125.61,126.28,125.08,125.59,2010382
2016,12/27/16,126.24,129.05,125.7,128.35,5288164
2016,12/28/16,129.07,129.07,125.76,125.89,4389162
2016,12/29/16,125.95,126.14,124.2,125.33,3445056
2016,12/30/16,126.24,126.57,123.6,123.8,4455351
2017,1/3/17,124.96,128.19,124.31,127.49,9437856
2017,1/4/17,127.49,130.17,126.55,129.41,7843559
2017,1/5/17,129.22,132.75,128.9,131.81,10185516
2017,1/6/17,132.08,133.88,129.81,131.07,10657878
2017,1/9/17,131.48,131.99,129.89,130.95,5771835
2017,1/10/17,131.27,132.22,129.29,129.89,5985809
2017,1/11/17,130.91,131.5,129.2475,130.5,5615061
2017,1/12/17,130.63,130.85,128.5,129.18,5388880
2017,1/13/17,131.15,133.93,130.58,133.7,10515015
2017,1/17/17,135.04,135.4,132.09,132.89,12220202
2017,1/18/17,133.21,133.65,131.06,133.26,16168617
2017,1/19/17,142.01,143.46,138.25,138.41,23203441
2017,1/20/17,139.36,140.79,137.66,138.6,9497394
2017,1/23/17,138.65,139.49,137.31,137.39,7433896
2017,1/24/17,138.11,140.93,137.03,140.11,7754673
2017,1/25/17,140.8,141.39,139.05,139.52,7612888
2017,1/26/17,140.45,141.21,138.51,138.96,6038313
2017,1/27/17,139.46,142.49,139,142.45,8323866
2017,1/30/17,141.77,141.967,138.8,141.22,8122481
2017,1/31/17,140.55,141.83,139.7,140.71,4411631
2017,2/1/17,141.2,142.41,139.3,140.78,6033422
2017,2/2/17,140.61,141.04,139.05,139.2,3462370
2017,2/3/17,139.51,140.64,139.1,140.25,3512568
2017,2/6/17,140,141,139.16,140.97,3552066
2017,2/7/17,141.49,144.28,141.05,144,8573515
2017,2/8/17,143.57,145.07,142.56,144.74,6887050
2017,2/9/17,144.98,145.09,143.58,144.14,4555119
2017,2/10/17,144.68,145.2992,143.97,144.82,6171936
2017,2/13/17,145.19,145.95,143.05,143.2,4790435
2017,2/14/17,143.2,144.11,140.05,140.82,8367786
2017,2/15/17,140.72,142.43,140.51,142.27,5309050
2017,2/16/17,142.42,142.44,141.07,142.01,2847496
2017,2/17/17,141.75,142.9,141.27,142.22,4588073
2017,2/21/17,142.99,143.38,141.81,142.6,3571481
2017,2/22/17,142.92,144,142.17,143.86,3481968
2017,2/23/17,144.45,144.49,141.5196,142.78,4667978
2017,2/24/17,141.88,143.56,141.55,143.25,3302714
2017,2/27/17,143.12,143.92,142.38,143.41,3907377
2017,2/28/17,143.3,143.57,141.85,142.13,3862221
2017,3/1/17,142.84,143.26,142.1,142.65,4170649
2017,3/2/17,142.15,142.7,139.09,139.53,6119945
2017,3/3/17,139.69,140.91,138.26,139.14,5401104
2017,3/6/17,141,142.84,140.54,141.94,7116118
2017,3/7/17,141.99,142.4,140.38,141.43,4241037
2017,3/8/17,141.47,142.06,139.7704,140.32,4092550
2017,3/9/17,140.04,141.24,139.74,140.53,2652740
2017,3/10/17,141.39,141.8,140.28,140.89,3318464
2017,3/13/17,140.9,143.71,140.321,143.52,4922432
2017,3/14/17,142.95,143.31,141.7,143.19,4660294
2017,3/15/17,144.2,145.52,143.23,145.25,5987198
2017,3/16/17,145.5,146.5,144.22,144.39,5286456
2017,3/17/17,144.05,145.76,143.4,145.11,6281316
2017,3/20/17,145.45,146.25,144.58,145.83,3421046
2017,3/21/17,146.75,147.7,142.1,142.42,7669753
2017,3/22/17,142.545,143.8,140.76,142.65,6486893
2017,3/23/17,142.14,142.89,141.26,141.84,3712625
2017,3/24/17,142.36,142.8,141.58,142.02,3546599
2017,3/27/17,140.83,144.39,140,144.06,4771650
2017,3/28/17,144.1,146.11,143.92,145.17,4638003
2017,3/29/17,145.5,147.18,144.9089,146.47,3855031
2017,3/30/17,146.81,148.29,146.53,148.06,4461068
2017,3/31/17,148,148.225,147.33,147.81,3888237
2017,4/3/17,146.7,148.005,145.74,146.92,4609336
2017,4/4/17,146.84,147.09,144.89,145.5,4368919
2017,4/5/17,146.19,146.25,143.26,143.62,4607636
2017,4/6/17,144,144.14,143.01,143.74,3312410
2017,4/7/17,143.79,143.89,142.71,143.11,3032571
2017,4/10/17,143.04,144.65,141.21,143.85,5807440
2017,4/11/17,144.28,144.54,141.98,144.35,4621451
2017,4/12/17,144.85,145.74,143.55,143.83,4386954
2017,4/13/17,144.25,144.55,142.76,142.92,3685789
2017,4/17/17,144.43,147.32,144.43,147.25,16364743
2017,4/18/17,147.34,147.4,140,143.36,19670975
2017,4/19/17,143.37,144,138.66,139.76,12395064
2017,4/20/17,140.3,141.8,139.27,141.18,7248180
2017,4/21/17,141.39,143.03,140.9028,142.87,6824786
2017,4/24/17,143.61,144.5,143.4,143.83,4792928
2017,4/25/17,147.46,153.52,146.22,152.16,20674167
2017,4/26/17,151.53,152.15,148.9,150.17,9274081
2017,4/27/17,150.6,153.49,149.3,153.08,7719365
2017,4/28/17,152.71,152.97,150.94,152.2,6366247
2017,5/1/17,151.91,157.7,151.61,155.35,9031631
2017,5/2/17,155.76,156.5,154.61,156.45,5384839
2017,5/3/17,156.29,156.54,154.88,155.59,3931244
2017,5/4/17,155.59,157.9,154.55,157.25,5582330
2017,5/5/17,158.55,158.59,155.9,156.6,5341735
2017,5/8/17,156.55,157.64,155.3,156.38,4818794
2017,5/9/17,156.1,157.85,155.97,157.46,3911027
2017,5/10/17,157.82,161.1,156.56,160.28,6869879
2017,5/11/17,160.33,160.52,157.55,158.54,5677360
2017,5/12/17,159.11,160.84,158.51,160.81,5092885
2017,5/15/17,160.25,161.78,159.76,160.02,4971954
2017,5/16/17,160.5,161.18,159.33,159.41,3464912
2017,5/17/17,158.09,158.78,153,153.2,8184483
2017,5/18/17,153.61,156.89,153.24,155.7,6802670
2017,5/19/17,156.15,158.05,155.91,157.02,4091486
2017,5/22/17,157.86,158.6,156.43,157.16,3744055
2017,5/23/17,157.75,158.31,156.8,157.95,3370930
2017,5/24/17,158.35,158.48,157.17,157.75,2989797
2017,5/25/17,161,164.1,160.55,163.05,8560961
2017,5/26/17,162.84,163.05,161.12,162.43,4834291
2017,5/30/17,163.6,164.75,162.71,163.22,4828637
2017,5/31/17,163.61,164,160.74,163.07,5328919
2017,6/1/17,163.52,163.9316,161.7,162.99,3896317
2017,6/2/17,163.42,165.36,162.8,165.18,4259081
2017,6/5/17,165.49,165.5,163.43,165.06,3875174
2017,6/6/17,164.95,166.82,164.51,165.17,4382092
2017,6/7/17,165.6,166.4,164.4086,165.61,3353099
2017,6/8/17,166.12,166.87,164.84,165.88,3719102
2017,6/9/17,166.27,166.27,154.5,158.03,10291954
2017,6/12/17,155.3,155.53,148.31,151.44,14114477
2017,6/13/17,154.38,155.68,150.13,152.72,8484746
2017,6/14/17,154.34,155.615,150.28,152.2,6461758
2017,6/15/17,149.44,152.56,147.3,151.76,7319746
2017,6/16/17,151.45,153.53,150.39,152.38,6909705
2017,6/19/17,154.29,155.58,152.41,153.4,6544298
2017,6/20/17,153.68,154.5,151.4,152.05,4878673
2017,6/21/17,152.5,155.38,152.26,155.03,5803446
2017,6/22/17,155.13,155.2,153.7,154.89,3769167
2017,6/23/17,155.01,158.19,153.76,158.02,6250761
2017,6/26/17,158.78,159.97,156.56,157.5,6015974
2017,6/27/17,156.62,156.9775,150.7197,151.03,7424252
2017,6/28/17,151.64,154.2,150.12,153.41,5589883
2017,6/29/17,152.82,152.82,148,150.09,7142462
2017,6/30/17,149.76,150.71,148.42,149.41,5213315
2017,7/3/17,149.8,150.45,145.8,146.17,3908215
2017,7/5/17,146.58,148.26,145.58,147.61,4627803
2017,7/6/17,146.13,147.27,144.25,146.25,5486482
2017,7/7/17,146.65,150.75,146.65,150.18,5561263
2017,7/10/17,150.34,153.23,149.65,152.67,5360606
2017,7/11/17,152.37,155.23,151.55,154.33,4898645
2017,7/12/17,155.77,158.8,155.77,158.75,8481779
2017,7/13/17,158.51,160.13,156.98,158.21,6700052
2017,7/14/17,159.3,161.35,157.97,161.12,5549221
2017,7/17/17,162.91,163.55,160.0201,161.7,17496685
2017,7/18/17,176.12,185,174.24,183.6,41587395
2017,7/19/17,182.97,187.17,181.75,183.86,17344321
2017,7/20/17,183.84,185.92,182.7,183.6,7907182
2017,7/21/17,182.72,191.5,182.71,188.54,9277448
2017,7/24/17,188.685,190.25,187.01,187.91,8797260
2017,7/25/17,187.79,188.66,185.81,186.97,5374472
2017,7/26/17,187.7,189.7043,187.51,189.08,4479290
2017,7/27/17,189.89,190,179.38,182.68,11220982
2017,7/28/17,182,185.03,181.18,184.04,6201947
2017,7/31/17,184.26,184.9738,180.65,181.66,4883606
2017,8/1/17,182.49,184.62,181.43,182.03,5112707
2017,8/2/17,182.22,182.57,177.8149,180.74,5771336
2017,8/3/17,180.53,181.2248,178.02,179.23,4627732
2017,8/4/17,179.6,181,178.5,180.27,4491055
2017,8/7/17,181,182.27,179.1,181.33,4609788
2017,8/8/17,181.37,181.91,177.45,178.36,6104043
2017,8/9/17,171.43,175.96,170.01,175.78,9670502
2017,8/10/17,174.03,174.45,167.6,169.14,9693057
2017,8/11/17,169.86,172.58,169,171.4,5022334
2017,8/14/17,169.8,172.45,168.8,171,7468408
2017,8/15/17,171.53,171.88,168.25,168.5,5656064
2017,8/16/17,167.5,170.5,166.25,169.98,7013557
2017,8/17/17,169.23,170.58,165.72,166.09,5229188
2017,8/18/17,165.95,169.97,165.8,166.54,7385736
2017,8/21/17,166.91,168.99,164.23,166.76,6480708
2017,8/22/17,167.76,169.93,167.04,169.34,4886326
2017,8/23/17,168.35,169.64,166.7,169.06,4632256
2017,8/24/17,169.86,171.2363,166.15,168.13,5361749
2017,8/25/17,168.58,168.75,165.5,165.95,4064040
2017,8/28/17,166.43,168.67,165.6,167.12,3657264
2017,8/29/17,165,169.68,164.73,168.81,4620920
2017,8/30/17,169.5,174.85,169.37,174.69,8034743
2017,8/31/17,175.45,176.24,173.86,174.71,6940990
2017,9/1/17,175.55,176.48,173.92,174.74,3812968
2017,9/5/17,173.4,175.88,172.44,174.52,4597441
2017,9/6/17,175.25,179.46,173.73,179.25,8742643
2017,9/7/17,178.8,180.35,177.1,179,6036146
2017,9/8/17,178.45,180.39,176.25,176.42,4590846
2017,9/11/17,178.1,182.47,178.03,181.74,5979447
2017,9/12/17,182.55,185.33,180.6435,185.15,6689568
2017,9/13/17,184.07,184.4995,182.55,183.64,4320349
2017,9/14/17,183.25,185.2882,182.07,182.63,4510722
2017,9/15/17,182.73,184.93,181.43,182.35,5591743
2017,9/18/17,183.61,185.45,182.73,184.62,5359569
2017,9/19/17,184.98,186.23,184.17,185.68,4982086
2017,9/20/17,186.1,186.5,183.2,185.51,4624993
2017,9/21/17,185.82,189.95,184.51,188.78,7148104
2017,9/22/17,188.4,189.85,186.39,187.35,5464312
2017,9/25/17,186.46,186.55,177.7,178.55,9367231
2017,9/26/17,180.7,180.95,176.55,179.38,5602471
2017,9/27/17,181.01,183.34,180.7,181.97,5710544
2017,9/28/17,181.25,181.95,179.36,180.7,4076986
2017,9/29/17,180.73,182.9,180.65,181.35,4227864
2017,10/2/17,182.11,182.8,176.58,177.01,7342007
2017,10/3/17,177.65,179.7,177.55,179.19,3956940
2017,10/4/17,181.41,186.7,181.25,184.45,9235867
2017,10/5/17,185.65,194.49,184.49,194.39,19412690
2017,10/6/17,194.3,198.92,192.05,198.02,15348356
2017,10/9/17,199.1,199.4,196.56,196.87,6971714
2017,10/10/17,197.85,198.3,192.1,195.08,6233823
2017,10/11/17,195.57,196.2199,193.81,194.95,6450161
2017,10/12/17,196.75,198.62,194.71,195.86,7753341
2017,10/13/17,199.7,200.8199,197.1866,199.49,12081252
2017,10/16/17,201.95,202.83,197.86,202.68,22105442
2017,10/17/17,200.11,204.38,197.77,199.48,23900118
2017,10/18/17,199.99,200.01,194.25,195.54,11198938
2017,10/19/17,193.01,195.25,191.16,195.13,7034602
2017,10/20/17,195.9,196.38,193.77,194.16,5995568
2017,10/23/17,194.17,194.8999,191.0346,192.47,6979994
2017,10/24/17,192.75,196.735,191.4,196.02,7069108
2017,10/25/17,195.38,197.055,193.01,193.77,5315269
2017,10/26/17,194.66,197.61,194.08,195.21,5185830
2017,10/27/17,197.2,200.65,196.22,199.54,8128567
2017,10/30/17,199.62,201.099,197.0721,198.37,5439563
2017,10/31/17,198.21,198.59,195.218,196.43,5518595
2017,11/1/17,197.24,199.199,196,198,5017420
2017,11/2/17,197.45,199.44,197.0901,199.32,3606332
2017,11/3/17,199.8,200.55,197.99,200.01,3678829
2017,11/6/17,200,202.48,198.09,200.13,5846581
2017,11/7/17,200,200.61,194.8,195.89,6467969
2017,11/8/17,196,197.09,194.74,196.44,4203137
2017,11/9/17,194.46,194.49,190.81,193.9,5910216
2017,11/10/17,191.61,192.59,189.5,192.02,6622168
2017,11/13/17,191.12,196.05,191,195.08,4606951
2017,11/14/17,193.64,195.88,193,195.71,3450513
2017,11/15/17,194.54,195.42,191.53,192.12,4203072
2017,11/16/17,194.33,197.7,193.75,195.51,5678355
2017,11/17/17,195.74,195.95,192.65,193.2,3906333
2017,11/20/17,193.3,194.32,191.9,194.1,3827474
2017,11/21/17,195.04,197.52,194.971,196.23,4787311
2017,11/22/17,196.58,196.75,193.63,196.32,5895402
2017,11/24/17,196.65,196.9,195.33,195.75,2160535
2017,11/27/17,195.56,195.85,194,195.05,3210145
2017,11/28/17,195.34,199.68,194.01,199.18,6981094
2017,11/29/17,198.91,199.029,184.32,188.15,14202713
2017,11/30/17,190.31,190.86,186.68,187.58,6630051
2017,12/1/17,186.99,189.8,185,186.82,6219531
2017,12/4/17,189.36,189.72,178.38,184.04,9069765
2017,12/5/17,183.5,188.14,181.19,184.21,5783697
2017,12/6/17,183.38,186.4844,182.88,185.3,5490088
2017,12/7/17,185.71,187.34,183.22,185.2,4659542
2017,12/8/17,186.5,189.42,186.3,188.54,4987270
2017,12/11/17,187.85,189.42,185.91,186.22,5298583
2017,12/12/17,186.01,187.85,184.8183,185.73,4265907
2017,12/13/17,186.1,188.69,185.41,187.86,4710041
2017,12/14/17,187.98,192.64,187.2,189.56,7792849
2017,12/15/17,189.61,191.43,188.01,190.12,7285641
2017,12/18/17,191.2,191.65,188.9,190.42,5010961
2017,12/19/17,190.18,190.2981,185.75,187.02,7032978
2017,12/20/17,187.94,189.11,185.26,188.82,6545394
2017,12/21/17,189.44,190.95,187.58,188.62,4729836
2017,12/22/17,188.33,190.95,186.8,189.94,3878904
2017,12/26/17,189.78,189.94,186.4,187.76,3045652
2017,12/27/17,187.8,188.1,185.22,186.24,4002098
2017,12/28/17,187.18,194.49,186.85,192.71,10107392
2017,12/29/17,192.51,193.95,191.22,191.96,5187606
2018,1/2/18,196.1,201.65,195.42,201.07,10966889
2018,1/3/18,202.05,206.21,201.5,205.05,8591369
2018,1/4/18,206.2,207.05,204.0006,205.63,6029616
2018,1/5/18,207.25,210.02,205.59,209.99,7033240
2018,1/8/18,210.02,212.5,208.44,212.05,5580178
2018,1/9/18,212.11,212.98,208.59,209.31,6125855
2018,1/10/18,207.57,213.64,206.91,212.52,5951486
2018,1/11/18,214.29,217.75,213.35,217.24,7659485
2018,1/12/18,217.18,222.55,216,221.23,8199423
2018,1/16/18,224.24,226.07,217.2,221.53,13516067
2018,1/17/18,221,221.15,216.32,217.5,9123056
2018,1/18/18,220.34,220.58,216.55,220.33,8225339
2018,1/19/18,222.75,223.49,218.5,220.46,10548567
2018,1/22/18,222,227.785,221.2,227.58,17703293
2018,1/23/18,255.05,257.71,248.02,250.29,27705332
2018,1/24/18,250.88,261.71,249.311,261.3,17352448
2018,1/25/18,263,272.3,260.23,269.7,15336378
2018,1/26/18,271.485,274.6,268.76,274.6,11021839
2018,1/29/18,274.2,286.81,273.92,284.59,17529749
2018,1/30/18,277,282.73,272.7,278.8,12482852
2018,1/31/18,281.94,282.289,269.58,270.3,11695072
2018,2/1/18,266.41,271.95,263.38,265.07,9669011
2018,2/2/18,263,270.62,262.71,267.43,9123610
2018,2/5/18,262,267.899,250.03,254.26,11896053
2018,2/6/18,247.7,266.7,245,265.72,12595801
2018,2/7/18,266.58,272.45,264.325,264.56,8981548
2018,2/8/18,267.08,267.62,250,250.1,9306701
2018,2/9/18,253.85,255.7999,236.11,249.47,16906942
2018,2/12/18,252.14,259.15,249,257.95,8534906
2018,2/13/18,257.29,261.41,254.7,258.27,6855151
2018,2/14/18,260.47,269.88,260.33,266,10971985
2018,2/15/18,270.03,280.5,267.63,280.27,10759667
2018,2/16/18,278.73,281.96,275.69,278.52,8312380
2018,2/20/18,277.74,285.812,276.61,278.55,7769023
2018,2/21/18,282.07,286.64,280.01,281.04,9371121
2018,2/22/18,283.88,284.5,274.45,278.14,8891535
2018,2/23/18,281,286,277.81,285.93,7301809
2018,2/26/18,288.75,295.6475,287.01,294.16,10268633
2018,2/27/18,294.77,297.36,290.59,290.61,9416489
2018,2/28/18,293.1,295.75,290.78,291.38,7653454
2018,3/1/18,292.75,295.25,283.83,290.39,11932051
2018,3/2/18,284.65,301.18,283.23,301.05,13345313
2018,3/5/18,302.85,316.91,297.6,315,18986099
2018,3/6/18,319.88,325.79,316.5,325.22,18525844
2018,3/7/18,320,323.74,314.55,321.16,17132222
2018,3/8/18,322.2,322.9176,314.13,317,11340066
2018,3/9/18,321.33,331.44,320.23,331.44,14500219
2018,3/12/18,333.56,333.98,318.6,321.3,20369152
2018,3/13/18,323.87,325.8409,313.278,315.88,12917224
2018,3/14/18,318.16,323.88,317.7,321.55,10475073
2018,3/15/18,323.17,323.4,318.14,321.09,5642883
2018,3/16/18,321.42,324.11,318.37,318.45,7333734
2018,3/19/18,315.8,317,307.34,313.48,9925162
2018,3/20/18,313.26,319.5,312.8,317.5,5991945
2018,3/21/18,316.35,319.4,314.511,316.48,5263911
2018,3/22/18,313.07,314.12,305.66,306.7,8063305
2018,3/23/18,307.41,310.73,300.36,300.94,9529948
2018,3/26/18,309.36,321.03,302,320.35,11988274
2018,3/27/18,322.49,322.9,297,300.69,12068632
2018,3/28/18,298.39,298.8,281.61,285.77,18972912
2018,3/29/18,287,295.35,275.9,295.35,19145522
2018,4/2/18,291.94,292.87,275.05,280.29,13405760
2018,4/3/18,285.45,291.25,278.01,283.67,12694862
2018,4/4/18,273.63,290.31,271.2239,288.94,12913978
2018,4/5/18,293.15,299.16,289.11,293.97,10655178
2018,4/6/18,289.1,298.85,285.65,288.85,11444777
2018,4/9/18,291.77,299.55,289.12,289.93,9853564
2018,4/10/18,297.68,298.95,291.69,298.07,10719097
2018,4/11/18,302.8847,311.64,301.82,303.67,14877429
2018,4/12/18,309.7187,311.13,306.75,309.25,10249403
2018,4/13/18,317.29,317.49,308.23,311.65,12046573
2018,4/16/18,315.99,316.1,304,307.78,20307921
2018,4/17/18,329.66,338.62,323.77,336.06,33866456
2018,4/18/18,336.3,338.82,331.1,334.52,11221139
2018,4/19/18,332.88,335.31,326.77,332.7,8438825
2018,4/20/18,332.22,336.51,326,327.77,9158655
2018,4/23/18,329.1499,331.22,317.08,318.69,8968015
2018,4/24/18,319.2168,320.249,302.31,307.02,13893217
2018,4/25/18,306.37,309.98,292.615,305.76,14919698
2018,4/26/18,310,316.63,305.58,313.98,9266699
2018,4/27/18,316.25,317.45,306.5,311.76,7074384
2018,4/30/18,311.07,317.88,310.118,312.46,6088787
2018,5/1/18,310.36,313.48,306.69,313.3,6036639
2018,5/2/18,311.65,317.1,310.4034,313.36,5697120
2018,5/3/18,312.59,312.59,305.73,311.69,6135828
2018,5/4/18,308.71,320.98,307.67,320.09,8209513
2018,5/7/18,321.9947,329.0234,319.34,326.26,7117823
2018,5/8/18,325.9,327.348,323.05,326.89,4735738
2018,5/9/18,328.79,331.95,327.51,330.3,5633444
2018,5/10/18,331.5,332.055,327.3438,329.6,5302254
2018,5/11/18,329.65,331.26,324.87,326.46,4589731
2018,5/14/18,327.25,330.5038,327.04,328.53,4089800
2018,5/15/18,325.94,326.94,322.434,326.13,4746096
2018,5/16/18,326.28,329.72,325.14,328.19,3671690
2018,5/17/18,327.53,330.45,323.1734,325.22,4935708
2018,5/18/18,324.9,326.42,322.8,324.18,3577717
2018,5/21/18,327.11,331.88,325.45,331.82,6657326
2018,5/22/18,334.05,336.63,331.15,331.62,5964448
2018,5/23/18,329.04,345,328.09,344.72,10049147
2018,5/24/18,344.34,354,341.12,349.29,14758553
2018,5/25/18,349.9,354.36,348.83,351.29,7817400
2018,5/29/18,351.5,356.1,346.71,349.73,9717921
2018,5/30/18,352.37,354,349.26,353.54,5685531
2018,5/31/18,353.8,355.53,350.21,351.6,6921687
2018,6/1/18,353.88,359.99,352.82,359.93,7112292
2018,6/4/18,362.6847,363,355.51,361.81,7681995
2018,6/5/18,363.32,369.83,361.4124,365.8,8358045
2018,6/6/18,367.7848,369.6799,363.33,367.45,7712302
2018,6/7/18,368.54,368.7,357.8,361.4,8278040
2018,6/8/18,358.06,362.39,356.25,360.57,5225736
2018,6/11/18,361.88,365.67,360.91,361.45,4432445
2018,6/12/18,363.6,365.98,362,363.83,4290969
2018,6/13/18,367.53,384.2537,364.11,379.93,18222799
2018,6/14/18,384.27,395.03,383.25,392.87,14598333
2018,6/15/18,390.71,398.86,387.51,391.98,13588114
2018,6/18/18,387.72,393.16,386.5,390.4,6824794
2018,6/19/18,389.5,405.29,388.5,404.98,16697104
2018,6/20/18,415.15,419.4675,409.6,416.76,16494572
2018,6/21/18,421.38,423.2056,406.3701,415.44,18389936
2018,6/22/18,419.98,420.5,409.651,411.09,10428621
2018,6/25/18,404.69,405.99,378.75,384.48,22490922
2018,6/26/18,393.28,404.78,389.05,399.39,15191157
2018,6/27/18,407.56,411.5865,390,390.39,16541426
2018,6/28/18,395,396.9,387.1,395.42,12219888
2018,6/29/18,399.19,401.3299,390.55,391.43,9252511
2018,7/2/18,385.45,398.38,380,398.18,8124458
2018,7/3/18,399.49,399.98,389.5,390.52,5280344
2018,7/5/18,393.8003,399.24,390.86,398.39,8448937
2018,7/6/18,397.45,408.6495,395.5225,408.25,8629606
2018,7/9/18,415.95,419.12,411.1,418.97,11127477
2018,7/10/18,417.24,419.44,413.08,415.63,9382944
2018,7/11/18,411.34,419.77,410.6,418.65,9713904
2018,7/12/18,415.1553,416.79,407.8,413.5,12743273
2018,7/13/18,409.19,410,395.081,395.8,15747266
2018,7/16/18,398.98,403.355,391.75,400.48,22959984
2018,7/17/18,346.95,385,344,379.48,58410362
2018,7/18/18,381.24,383.13,372.3552,375.13,21746266
2018,7/19/18,371.06,375.749,363,364.23,16878681
2018,7/20/18,364.92,370.5,360.14,361.05,15113740
2018,7/23/18,359.1453,363.9,353.6,362.66,11505232
2018,7/24/18,366.94,367.4,354.56,357.32,12851457
2018,7/25/18,357.57,363.28,355.65,362.87,8516248
2018,7/26/18,358.19,365.54,356.625,363.09,6993684
2018,7/27/18,366.85,367,351.65,355.21,8949491
2018,7/30/18,351.93,352.03,334.0201,334.96,18260710
2018,7/31/18,331.51,342.5,328,337.45,14085369
2018,8/1/18,335.87,344.41,334.02,338.38,7790477
2018,8/2/18,337.23,345,334.71,344.5,7131328
2018,8/3/18,347.75,347.86,338.4768,343.09,8848367
2018,8/6/18,342.8653,351.98,341.74,350.92,8198076
2018,8/7/18,353.23,357.31,349.01,351.83,7970930
2018,8/8/18,352.21,352.29,346.61,347.61,5402465
2018,8/9/18,347.96,352.439,345.8157,349.36,4820313
2018,8/10/18,346.91,349.1,344.4233,345.87,4337481
2018,8/13/18,339.89,347.19,339.07,341.31,6893649
2018,8/14/18,342.09,342.41,336.25,337.49,5805182
2018,8/15/18,334.03,335.4962,321,326.4,11784485
2018,8/16/18,329.9,331.17,321.2138,322.44,6689733
2018,8/17/18,319.01,324.365,312.96,316.78,10407908
2018,8/20/18,314.64,331.6,310.928,327.73,13591100
2018,8/21/18,331,341.5,329.7,338.02,14783246
2018,8/22/18,338.49,346.21,337.406,344.44,8930669
2018,8/23/18,348.11,350.08,337.65,339.17,11336425
2018,8/24/18,346,359.15,344.541,358.82,14729137
2018,8/27/18,367.1453,374.49,360,364.58,17427304
2018,8/28/18,367.23,369.99,360.38,368.49,9222617
2018,8/29/18,367.2,369.86,362.91,368.04,8118734
2018,8/30/18,365,376.8085,363.54,370.98,10981013
2018,8/31/18,370.66,376,367.0766,367.68,7943443
2018,9/4/18,366.47,368.88,361.26,363.6,7605161
2018,9/5/18,360,363.39,335.83,341.18,13092847
2018,9/6/18,347.44,356,341.99,346.46,13050156
2018,9/7/18,342.2,355.75,341.25,348.68,9105817
2018,9/10/18,352.27,352.5,343.08,348.41,5752184
2018,9/11/18,344.67,356.15,343.9001,355.93,6198063
2018,9/12/18,359.08,370.43,356.24,369.95,10480769
2018,9/13/18,371.91,374.09,366.84,368.15,8366122
2018,9/14/18,368.55,371.09,363.46,364.56,4756426
2018,9/17/18,364.22,367.33,349.57,350.35,7071945
2018,9/18/18,353.67,368.15,351.56,367.65,10413981
2018,9/19/18,373.95,377.61,359.17,366.96,11876841
2018,9/20/18,370.26,370.26,363.17,365.36,6768086
2018,9/21/18,366.59,372.22,360.74,361.19,11930568
2018,9/24/18,359,373.64,354.33,369.61,9322522
2018,9/25/18,370.23,371.34,364.492,369.43,6799816
2018,9/26/18,373.59,382,370.88,377.88,13799728
2018,9/27/18,379.87,383.2,376,380.71,7326246
2018,9/28/18,379.24,380.8,373.73,374.13,7114878
2018,10/1/18,375.85,386.11,375.59,381.43,8376560
2018,10/2/18,384.38,386.7999,373.83,377.14,8638717
2018,10/3/18,378.53,380.93,374.881,377.05,5798605
2018,10/4/18,375.88,375.92,360.4,363.65,9074350
2018,10/5/18,359.77,363.5,343,351.35,13522957
2018,10/8/18,345.18,352.945,338.11,349.1,12375496
2018,10/9/18,348.48,358.72,347.09,355.71,8754990
2018,10/10/18,353.52,355.15,325.39,325.89,17183120
2018,10/11/18,324.94,334.2,315.81,321.1,16082056
2018,10/12/18,339.57,341.3,328.9,339.56,14706609
2018,10/15/18,337.63,339.2057,326.93,333.13,11214956
2018,10/16/18,337.24,347.95,330.555,346.4,20156418
2018,10/17/18,378.33,380,356.5,364.7,32610947
2018,10/18/18,360.673,362.2,346.05,346.71,18461040
2018,10/19/18,351,355.8,332.2,332.67,16717233
2018,10/22/18,333.1,335.8,320.34,329.54,17097175
2018,10/23/18,318,336.58,316.77,333.16,14836886
2018,10/24/18,332.28,333,300.73,301.83,19039297
2018,10/25/18,307.12,319.94,305.25,312.87,13346921
2018,10/26/18,300.51,313.99,292.3,299.83,19616041
2018,10/29/18,305.26,307.89,275.4,284.84,21698841
2018,10/30/18,275.57,290.525,271.2093,285.81,23685702
2018,10/31/18,297.77,311.5,295.05,301.78,20360342
2018,11/1/18,304.59,318.45,296.67,317.38,15121450
2018,11/2/18,318,321.88,308.33,309.1,13404646
2018,11/5/18,311.1,317.53,303.74,315.44,10283044
2018,11/6/18,314.76,320.22,305.3,310.84,9710424
2018,11/7/18,312.9,328.56,311,327.5,13328328
2018,11/8/18,328,332.0499,316.6103,317.92,11023853
2018,11/9/18,311.07,312.98,298.01,303.47,13480792
2018,11/12/18,300,302.49,290.63,294.07,10924827
2018,11/13/18,295,303.55,289.1,294.4,12232162
2018,11/14/18,300.4,301.84,278.2969,286.73,16853574
2018,11/15/18,285.51,292.5,282.16,290.06,9967098
2018,11/16/18,287.14,291.72,281,286.21,9099485
2018,11/19/18,283.79,285.09,269.15,270.6,12993797
2018,11/20/18,254.63,276.34,250,266.98,16693809
2018,11/21/18,274.42,275.34,261.51,262.13,11023037
2018,11/23/18,260.11,265.5,256.84,258.82,5245123
2018,11/26/18,260.55,266.25,253.8,261.43,12498560
2018,11/27/18,259.24,269.08,256.14,266.63,11149501
2018,11/28/18,271.98,284,263.34,282.65,14801333
2018,11/29/18,282.32,290.49,275.5,288.75,15431538
2018,11/30/18,288,290.81,283.061,286.13,11860117
2018,12/3/18,293.19,298.72,284.58,290.3,14117370
2018,12/4/18,288.13,295.74,274.72,275.33,12800586
2018,12/6/18,268.33,283.22,267.14,282.88,13074324
2018,12/7/18,282.48,284.209,263.38,265.14,12466711
2018,12/10/18,264.19,271.18,260.6094,269.7,9605553
2018,12/11/18,274.08,274.5,262.76,265.32,9843199
2018,12/12/18,267.66,281.7695,266.48,274.88,11456716
2018,12/13/18,277.64,279.32,271.85,276.02,8379292
2018,12/14/18,271.81,277.6665,265,266.84,9915319
2018,12/17/18,266.51,272.98,261.075,262.8,9634734
2018,12/18/18,263.3,275.75,263.29,270.94,10350079
2018,12/19/18,269.96,280.87,263.77,266.77,13788448
2018,12/20/18,264.64,269.9,251.88,260.58,16792928
2018,12/21/18,263.83,264.5,241.29,246.39,21069257
2018,12/24/18,242,250.65,233.68,233.88,9547616
2018,12/26/18,233.92,254.5,231.23,253.67,14402735
2018,12/27/18,250.11,255.59,240.1,255.565,12235217
2018,12/28/18,257.94,261.9144,249.8,256.08,10987286
2018,12/31/18,260.16,270.1001,260,267.66,13508920